ingles_original,portugues_traduzido,ingles_traduzido,ROUGE,BLEU,BERTSCORE,BLEURT,COMET22,KIWI-XL,XCOMET-XL,Soma_ranking
crack the whip,crack the whip,crack the whip,1,50,2,274,72,629,160,1188
blow off steam,desabafar,venting,45,50,314,606,660,526,292,2493
let the cat out of the bag,Deixe o gato sair da sacola,Let the cat out of the bag,1,4,3,88,283,350,1,730
They are riding bicycles in the neighborhood.,Eles estão andando de bicicleta pelo bairro.,They're riding bikes around the neighborhood.,28,50,193,450,420,288,1,1430
He likes to watch movies in his free time.,Ele gosta de assistir filmes em seu tempo livre.,He likes to watch movies in his free time.,1,1,3,135,86,114,1,341
She enjoys painting in her free time.,Ela gosta de pintar em seu tempo livre.,She likes to paint in her free time.,21,40,90,413,395,44,1,1004
bite off more than you can chew,tomar mais do que se pode mastigar,taking more than one can chew,25,50,277,614,624,488,269,2347
my hands are tied,Minhas mãos estão atadas,My hands are tied,1,50,3,61,211,42,1,369
dime a dozen,uma dúzia de,a dozen of,21,50,294,591,628,498,234,2316
They are having a picnic in the park.,Eles estão tendo um piquenique no parque.,They're having a picnic in the park.,8,10,117,290,285,77,1,788
leave no stone unturned,não deixar pedra sobre pedra,not leave one stone on another,36,50,302,594,632,602,290,2506
hold the fort,defenda o forte,defend the fort,21,50,147,496,448,446,1,1609
He is putting the groceries away.,Ele está arrumando os mantimentos.,He's getting the groceries.,29,50,217,543,616,555,267,2277
fit as a fiddle,em forma como uma camurça,in shape as a suede,32,50,319,646,659,562,262,2530
an iron fist,um punho de ferro,an iron fist,1,50,3,229,121,46,29,479
beggars can’t be choosers,Os mendigos não podem ser exigentes,Beggars can't be choosers.,1,50,194,244,537,607,173,1806
card up your sleeve,cartão na manga,card up your sleeve,1,1,3,90,297,502,157,1051
beating around the bush,dar voltas ao assunto,beat around the bush,17,50,65,420,552,593,277,1974
She is giving a speech at the conference.,Ela está dando um discurso na conferência.,She's giving a speech at the conference.,8,10,131,394,344,336,1,1224
She wrote a report for work.,Ela escreveu um relatório para o trabalho.,She wrote a report for work.,1,1,3,134,202,550,20,911
ace up your sleeve,um trunfo na manga,a trump up one's sleeve,36,50,303,629,645,471,291,2425
an open book,um livro aberto,an open book,1,50,3,149,15,207,1,426
She is giving a presentation at work.,Ela está dando uma apresentação no trabalho.,She's giving a presentation at work.,9,14,89,375,372,78,1,938
He went to a birthday party last night.,Ele foi a uma festa de aniversário ontem à noite.,He went to a birthday party last night.,1,1,3,155,145,344,1,650
color outside the lines,cor fora das linhas,color outside the lines,1,1,5,177,157,415,25,781
easy as pie,fácil como a torta,easy as pie,1,50,3,162,5,469,19,709
blind as a bat,Cego como um morcego,Blind as a bat,1,50,3,138,422,540,139,1293
change of heart,mudança de coração,change of heart,1,50,3,204,177,303,1,739
food for thought,comida para pensar,food for thought,1,50,3,238,74,226,28,620
black as night,preto como a noite,black as the night,9,50,152,341,196,334,1,1083
a chip on your shoulder,um chip no seu ombro,a chip in your shoulder,12,50,60,84,438,64,1,709
close to my heart,perto do meu coração,close to my heart,1,1,3,8,109,423,1,546
apple of my eye,a menina dos meus olhos,the girl of my eyes,32,50,275,631,602,521,238,2349
get the show on the road,começar o espetáculo,start the show,33,50,290,597,592,405,224,2191
easy as pie,fácil como a torta,easy as pie,1,50,3,162,5,468,19,708
back to square one,de volta ao ponto de partida,back to the starting point,32,50,291,567,489,96,53,1578
devil's advocate,advogado do diabo,devil's advocate,1,50,3,289,113,290,1,747
She went to the library to study.,Ela foi à biblioteca para estudar.,She went to the library to study.,1,1,2,206,231,141,1,583
fit as a fiddle,em forma como uma camurça,in shape as a suede,32,50,319,646,659,562,262,2530
They went to the theater to watch a play.,Eles foram ao teatro para assistir a uma peça.,They went to the theater to see a play.,7,19,9,386,309,115,1,846
falling through the cracks,caindo nas rachaduras,falling into the cracks,17,50,38,352,495,538,172,1662
She made breakfast for the family.,Ela fez o café da manhã para a família.,She made breakfast for the family.,1,1,2,160,226,72,1,463
She is talking on the phone.,Ela está falando ao telefone.,She's talking on the phone.,10,21,36,297,343,27,1,735
all bark and no bite,tudo é conversa e nada de ação,all is talk and nothing of action,38,50,295,641,615,352,253,2244
apple of discord,maçã da discórdia,apple of discord,1,50,3,228,63,549,193,1087
spill the beans,derramar os segredos,spill the secrets,21,50,268,586,618,603,251,2397
burn your bridges,queime suas pontes,burn your bridges,1,50,3,353,167,248,53,875
I need to buy groceries this afternoon.,Preciso comprar mantimentos esta tarde.,I need to buy groceries this afternoon.,1,1,4,48,103,168,1,326
as bold as brass,tão descarado quanto o bronze,as brazen as bronze,30,50,286,645,551,559,274,2395
close to the vest,perto do colete,near the vest,27,50,145,436,503,580,68,1809
blood is thicker than water,O sangue é mais espesso do que a água,Blood is thicker than water,1,17,2,21,70,140,1,252
back to the drawing board,de volta à prancheta,back to the drawing board,1,1,3,164,192,449,86,896
She went to the post office to send a package.,Ela foi à agência dos correios para enviar um pacote.,She went to the post office to send a package.,1,1,3,223,260,30,1,519
as right as rain,como se estivesse tudo bem,as if everything was fine,42,50,352,638,591,209,284,2166
He is planning his day ahead.,Ele está planejando seu dia.,He is planning his day.,5,16,56,539,416,409,45,1486
She took a shower in the morning.,Ela tomou um banho de manhã.,She took a bath in the morning.,9,36,18,448,375,68,1,955
best of both worlds,O melhor dos dois mundos,The best of both worlds,6,17,127,105,233,276,1,765
antsy as a cat on a hot tin roof,inquieto como um gato em um telhado de lata quente,restless as a cat on a hot tin roof,7,2,118,480,480,438,225,1750
He is building a model airplane.,Ele está construindo um avião modelo.,He's building a model airplane.,10,21,163,358,308,198,1,1059
devil's advocate,advogado do diabo,devil's advocate,1,50,3,289,112,291,1,747
burst your bubble,estourar sua bolha,burst your bubble,1,50,2,294,29,461,83,920
all eyes on you,todos os olhos em você,all eyes on you,1,1,3,18,68,400,1,492
a skeleton in the closet,um esqueleto no armário,a skeleton in the closet,1,1,3,106,243,75,1,430
He is attending a business meeting.,Ele está participando de uma reunião de negócios.,He's attending a business meeting.,10,21,107,335,312,403,1,1189
cool as a cucumber,frio como um pepino,cold as a cucumber,17,50,80,483,540,340,75,1585
He took the bus to work.,Ele pegou o ônibus para trabalhar.,He took the bus to work.,1,1,3,83,203,125,1,417
as easy as pie,tão fácil quanto a torta,as easy as pie,1,1,3,19,16,525,122,687
butterfly effect,efeito borboleta,butterfly effect,1,50,3,427,33,119,1,634
They watched a TV show in the evening.,Eles assistiram a um programa de TV à noite.,They watched a TV show at night.,21,38,113,432,461,208,1,1274
She is brushing her teeth before bed.,Ela está escoando os dentes antes de dormir.,She's brushing her teeth before bed.,9,14,37,321,338,14,1,734
blown out of the water,expulsado da água,expelled from the water,32,50,221,526,547,275,108,1759
He is feeding his pet hamster.,Ele está alimentando seu hamster de estimação.,He's feeding his pet hamster.,10,21,79,388,325,219,1,1043
I like to drink coffee in the morning.,Gosto de tomar café de manhã.,I like to drink coffee in the morning.,1,1,3,96,162,47,1,311
"another day, another dollar","Outro dia, outro dólar","Another day, another dollar.",1,35,173,196,275,249,1,930
actions speak louder than words,as ações falam mais alto do que as palavras,actions speak louder than words,1,1,2,11,41,164,1,221
climbing up the ladder,subindo a escada,climbing the stairs,27,50,215,492,526,243,1,1554
early bird catches the worm,o pássaro que acorda mais cedo pega o verme,the bird that wakes up earliest gets the worm,34,50,285,576,604,380,141,2070
She is baking cookies in the kitchen.,Ela está cozinhando biscoitos na cozinha.,She's baking cookies in the kitchen.,9,14,43,347,346,108,1,868
bleeding heart,coração sangrento,bloody heart,30,50,244,509,603,253,53,1742
She is cleaning the kitchen after dinner.,Ela está limpando a cozinha depois do jantar.,She's cleaning the kitchen after dinner.,9,14,31,333,387,91,1,866
She is drinking water.,Ela está bebendo água.,She's drinking water.,17,50,133,392,301,23,1,917
They are having coffee at the café.,Eles estão tomando café no café.,They're having coffee at the cafe.,19,45,57,283,382,48,1,835
hard pill to swallow,uma pílula difícil de engolir,a hard pill to swallow,6,17,129,369,445,32,1,999
a slap on the wrist,uma reprimenda,a reprimand,40,50,346,573,663,490,149,2311
They are visiting a museum this afternoon.,"Esta tarde, eles estão visitando um museu.","This afternoon, they're visiting a museum.",28,50,171,439,385,97,1,1171
They are swimming at the pool.,Eles estão nadando na piscina.,They're swimming in the pool.,21,50,181,405,436,18,1,1112
cat on a hot tin roof,gato em um telhado de lata quente,cat on a hot tin roof,1,1,3,322,142,427,113,1009
She is talking to her friend on the phone.,Ela está falando com uma amiga no telefone.,She's talking to a friend on the phone.,15,41,119,416,427,4,1,1023
He is walking his dog in the park.,Ele está passeando com seu cachorro no parque.,He's walking his dog in the park.,8,10,108,348,353,174,1,1002
add fuel to the fire,acender fogo,light a fire,41,50,324,600,585,596,134,2330
in hot water,em água quente,in hot water,1,50,2,337,12,398,53,853
boiling point,ponto de ebulição,boiling point,1,50,3,349,7,39,1,450
beat a dead horse,bater num cavalo morto,beating a dead horse,17,50,42,419,541,586,210,1865
blind alley,beco sem saída,dead end,45,50,323,587,654,574,283,2516
cutting corners,cortar cantos,cut corners,30,50,166,469,506,533,93,1847
actions speak louder than words,as ações falam mais alto do que as palavras,actions speak louder than words,1,1,2,11,41,164,1,221
chip on the shoulder,chip no ombro,chip in the shoulder,17,50,134,359,491,561,137,1749
He washed his car yesterday.,Ele lavou seu carro ontem.,He washed his car yesterday.,1,1,3,112,76,160,1,354
cold as ice,frio como gelo,cold as ice,1,50,3,82,27,322,1,486
He is attending a wedding.,Ele está indo para um casamento.,He's going to a wedding.,29,50,240,520,518,148,1,1506
He is making a cup of coffee.,Ele está fazendo uma xícara de café.,He's making a cup of coffee.,9,14,52,323,431,223,1,1053
chasing shadows,perseguindo sombras,chasing shadows,1,50,3,251,45,349,53,752
feast your eyes,Deleite os seus olhos,Feast your eyes,1,50,3,309,259,385,200,1207
a diamond in the rough,um diamante em bruto,a diamond in the rough,1,1,3,123,209,504,77,918
He is having breakfast with his family.,Ele está tomando café da manhã com sua família.,He's having breakfast with his family.,9,14,85,332,331,245,1,1017
blind as a bat,Cego como um morcego,Blind as a bat,1,50,3,138,423,540,139,1294
light at the end of the tunnel,luz no fim do túnel,light at the end of the tunnel,1,1,3,252,232,127,1,617
as old as the hills,tão velho quanto as colinas,as old as the hills,1,1,3,147,47,387,27,613
break the ice,quebrar o gelo,breaking the ice,21,50,39,360,401,261,1,1133
He went for a jog in the morning.,Ele foi correr de manhã.,He went jogging in the morning.,19,46,219,475,463,173,53,1448
finding your feet,encontrar o seu lugar,find your place,38,50,262,555,564,424,279,2172
give someone a run for their money,dar a alguém uma corrida pelo seu dinheiro,give someone a run for their money,1,1,2,53,185,566,189,997
have a bone to pick,tem uma queixa a fazer,has a complaint to make,35,50,292,625,634,391,301,2328
barking up the wrong tree,barking up the wrong tree,barking up the wrong tree,1,1,3,37,83,640,190,955
He enjoyed a cup of coffee in the morning.,Ele gostava de uma xícara de café de manhã.,He liked a cup of coffee in the morning.,7,5,45,502,475,126,1,1161
ball is in your court,a bola está no seu campo,the ball is in your court,5,8,101,59,197,366,13,749
"blood, sweat, and tears","sangue, suor e lágrimas","blood, sweat and tears",1,50,28,408,116,33,1,637
going down in flames,indo para as chamas,going into the flames,30,50,245,457,481,576,228,2067
break a leg,Quebrar uma perna,Breaking a leg,21,50,83,402,408,433,89,1486
The kids played in the playground.,As crianças brincavam no parque infantil.,The children were playing in the playground.,25,47,206,451,399,339,1,1468
change of tune,mudança de tom,change of tone,21,50,243,519,493,302,1,1629
paint the town red,pinte a cidade de vermelho,paint the city red,17,50,130,444,199,71,1,912
burnt out,queimado,burned,45,50,279,571,482,257,143,1827
burning the midnight oil,queimar a meia-noite,burning the midnight oil,1,1,4,256,320,625,150,1357
come out of the woodwork,sair do armário,coming out of the closet,26,50,282,566,630,333,239,2126
blessing in disguise,benção disfarçada,a blessing in disguise,9,50,154,357,321,258,1,1150
He is cutting vegetables for dinner.,Ele está cortando legumes para o jantar.,He's chopping vegetables for dinner.,21,42,102,376,559,305,53,1458
bigger than life,maior que a vida,bigger than life,1,50,3,13,30,377,1,475
cast iron stomach,estômago de ferro,iron stomach,13,50,223,551,587,259,271,1954
arm and a leg,um braço e uma perna,an arm and a leg,6,17,63,499,469,80,61,1195
as hungry as a wolf,com fome como um lobo,hungry as a wolf,6,6,189,518,425,472,112,1728
They went for a swim at the pool.,Eles foram nadar na piscina.,They went swimming in the pool.,27,50,177,489,492,6,1,1242
blow a fuse,queimar um fusível,blow a fuse,1,50,3,210,78,506,105,953
He is drawing a picture of his dog.,Ele está desenhando uma foto do seu cachorro.,He's drawing a picture of his dog.,8,10,61,373,345,161,1,959
bend over backwards,fazer o impossível,do the impossible,45,50,343,633,669,392,231,2363
any port in a storm,qualquer porto numa tempestade,any port in a storm,1,1,3,268,188,76,1,538
I met my friends for lunch.,Encontrei-me com os meus amigos para almoçar.,I met my friends for lunch.,1,1,3,166,106,230,1,508
bare bones,bare bones,bare bones,1,50,5,344,11,616,1,1028
bottom of the totem pole,parte inferior do totem,bottom of the totem,6,6,142,531,513,522,285,2005
face the music,face à música,facing the music,21,50,172,465,501,542,121,1872
chomping at the bit,comendo a isca,eating the bait,40,50,307,613,649,579,298,2536
on cloud nine,no topo do mundo,on top of the world,41,50,339,623,658,545,261,2517
between a rock and a hard place,entre a espada e a parede,between the sword and the wall,39,50,308,639,636,527,297,2496
batten down the hatches,batir os porões,beat the cellars,40,50,329,637,664,573,281,2574
all ears,todos os ouvidos,all ears,1,50,2,380,191,577,55,1256
a fly on the wall,uma mosca na parede,a fly on the wall,1,1,4,152,189,241,52,640
as sharp as a tack,afiado como uma agulha,sharp as a needle,22,50,259,578,531,278,127,1845
She bought a new phone last week.,Ela comprou um novo telefone na semana passada.,She bought a new phone last week.,1,1,4,121,90,3,1,221
don't put all your eggs in one basket,Não ponha todos os seus ovos num só cesto,Don’t put all your eggs in one basket,1,3,53,281,290,280,1,909
bottom of the barrel,fundo do barril,bottom of the barrel,1,1,3,4,287,357,1,654
carrying the weight of the world,Carregando o peso do mundo,Carrying the weight of the world,1,8,2,190,414,500,1,1116
cogs in the machine,engrenagens na máquina,Gears in the machine,17,50,216,544,569,531,188,2115
I am traveling to the mountains this weekend.,Vou viajar para as montanhas neste fim de semana.,I'm going to the mountains this weekend.,17,26,153,411,403,212,1,1223
They watched a movie on the weekend.,Eles assistiram a um filme no fim de semana.,They watched a movie on the weekend.,1,1,3,116,174,35,1,331
blowing off steam,desabafar,venting,45,50,310,596,656,526,299,2482
face the music,face à música,facing the music,21,50,172,465,500,542,121,1871
a heart of gold,um coração de ouro,a heart of gold,1,1,3,219,97,112,35,468
caught in a web,Preso numa teia,Trapped in a web,17,50,98,424,536,313,74,1512
She made a salad for lunch.,Ela fez uma salada para o almoço.,She made a salad for lunch.,1,1,2,167,129,8,1,309
mind over matter,mente sobre a matéria,mind on the matter,27,50,315,515,593,463,136,2099
as good as done,Tão bom quanto feito,As good as it gets,22,50,255,619,576,551,250,2323
a voice in the wilderness,uma voz no deserto,a voice in the desert,12,17,132,530,473,193,1,1358
He went to the gym to lift weights.,Ele foi para a academia para levantar pesos.,He went to the gym to lift weights.,1,1,3,214,253,224,1,697
another one bites the dust,Mais um morre,Another one dies,30,50,274,615,595,369,294,2227
curiosity killed the cat,curiosidade matou o gato,Curiosity killed the cat.,1,50,150,86,459,363,1,1110
by leaps and bounds,por saltos e limites,by leaps and bounds,1,1,4,9,294,581,60,950
They are practicing their dance routine.,Estão a ensaiar a sua coreografia.,They're rehearsing their choreography.,37,50,251,532,519,256,1,1646
honest as the day is long,honesto como o dia é longo,honest as the day is long,1,1,3,175,240,501,31,952
butter wouldn’t melt in their mouth,a manteiga não derreteria na boca deles,the butter wouldn't melt in their mouths,14,50,175,304,467,267,42,1319
be in hot water,estar em apuros,to be in trouble,30,50,320,640,662,489,265,2456
by the seat of your pants,pelo assento de suas calças,by the seat of his pants,10,31,144,550,510,474,198,1917
comfort zone,zona de conforto,comfort zone,1,50,3,363,9,314,1,741
give the green light,dar luz verde,to give the green light,6,17,138,462,381,492,209,1705
fingers crossed,cruzando os dedos,crossing my fingers,36,50,283,517,546,382,226,2040
He went to the airport to catch a flight.,Ele foi para o aeroporto para pegar um voo.,He went to the airport to catch a flight.,1,1,3,187,271,222,1,686
as mad as a hatter,louco como um chapeleiro,mad as a hatter,6,6,165,505,561,590,166,1999
cracking the whip,quebrando o chicote,breaking the whip,21,50,71,467,533,552,211,1905
He is reading a newspaper.,Ele está lendo um jornal.,He's reading a newspaper.,12,29,170,314,362,40,1,928
as easy as shooting fish in a barrel,Tão fácil como atirar em peixes num barril,As easy as shooting fish in a barrel,1,3,3,52,354,299,36,748
He is taking photos with his camera.,Ele está tirando fotos com sua câmera.,He's taking pictures with his camera.,19,45,99,354,336,321,1,1175
ants in your pants,formigas nas calças,ants in your pants,1,1,5,236,280,512,94,1129
He is cleaning the windows.,Ele está limpando as janelas.,He's cleaning the windows.,12,29,51,296,404,454,30,1276
clean bill of health,certificado de saúde,health certificate,38,50,340,595,560,178,229,1990
cold feet,pés frios,cold feet,1,50,2,368,98,62,1,582
burn bridges,queimar pontes,burning bridges,30,50,226,377,583,111,53,1430
cat's out of the bag,O gato está fora do saco,The cat is out of the bag,16,44,179,415,502,282,5,1443
bury your head in the sand,enterre sua cabeça na areia,bury your head in the sand,1,1,3,215,218,289,1,728
He read a book before bed.,Ele leu um livro antes de dormir.,He read a book before going to bed.,9,34,183,362,406,57,1,1052
bridge the gap,colmar a lacuna,bridge the gap,1,50,3,185,266,591,37,1133
He went to the doctor for a check-up.,Ele foi ao médico para fazer um check-up.,He went to the doctor for a check-up.,1,1,3,192,247,346,1,791
She is watching the sunset from the balcony.,Ela está vendo o pôr do sol da varanda.,She's watching the sunset from the balcony.,8,10,25,316,348,535,33,1275
blessing in disguise,benção disfarçada,a blessing in disguise,9,50,154,357,321,258,1,1150
a penny for your thoughts,um centavo por seus pensamentos,a penny for your thoughts,1,1,2,73,96,52,1,226
He is playing the guitar in the living room.,Ele está tocando violão na sala de estar.,He's playing guitar in the living room.,11,28,104,384,369,167,1,1064
He is sitting on the chair.,Ele está sentado na cadeira.,He's sitting in the chair.,21,50,120,397,477,247,1,1313
come hell or high water,venha o inferno ou a água alta,come hell or high water,1,1,1,226,60,556,273,1118
I went to the beach for vacation.,Fui para a praia de férias.,I went to the beach for the holidays.,14,25,81,440,419,199,1,1179
as cool as a cucumber,frio como um pepino,cold as a cucumber,22,50,197,508,548,341,170,1836
break the ice,quebrar o gelo,breaking the ice,21,50,39,360,401,261,1,1133
at the end of the day,no final do dia,at the end of the day,1,1,4,234,284,597,51,1172
can't see the forest for the trees,Não consigo ver a floresta por causa das árvores,I can't see the forest for the trees,2,3,74,418,393,448,53,1391
He is doing his homework in the study room.,Ele está fazendo sua lição de casa na sala de estudo.,He is doing his homework in the study room.,1,1,3,77,210,102,1,395
They planted flowers in the garden.,Eles plantaram flores no jardim.,They planted flowers in the garden.,1,1,3,208,175,13,1,402
They are making pizza together.,Estão a fazer uma pizza juntos.,They're making a pizza together.,18,50,124,500,356,181,1,1230
blown out of proportion,exagerada,exaggerated,45,50,347,556,633,503,215,2349
hand in glove,mão no luva,hand in glove,1,50,3,85,213,402,12,766
birds of a feather flock together,pássaros da mesma espécie voam juntos,Birds of the same species fly together.,31,50,305,561,617,145,220,1929
get out of hand,ficar fora de controle,get out of control,17,50,249,541,451,354,53,1715
He called his parents yesterday.,Ele ligou para os pais dele ontem.,He called his parents yesterday.,1,1,5,181,91,204,1,484
He wrote a letter to his friend.,Ele escreveu uma carta para seu amigo.,He wrote a letter to his friend.,1,1,3,225,187,20,1,438
She danced at the party last night.,Ela dançou na festa ontem à noite.,She danced at the party last night.,1,1,3,194,184,229,1,613
close to home,perto de casa,near home,36,50,203,425,474,394,53,1635
"if you can't stand the heat, get out of the kitchen","Se não aguentares o calor, sai da cozinha","If you can't take the heat, get out of the kitchen.",4,24,96,490,471,242,1,1328
between the devil and the deep blue sea,Entre o diabo e o mar azul profundo,Between the devil and the deep blue sea,1,3,3,267,499,315,98,1186
get cold feet,ter os pés frios,to have cold feet,27,50,228,514,543,197,64,1623
fish out of water,peixe fora d'água,fish out of water,1,1,4,144,84,186,1,421
over the moon,over the moon,over the moon,1,50,3,91,224,635,272,1276
once in a blue moon,uma vez em uma lua azul,once in a blue moon,1,1,3,249,151,493,39,937
chip off the old block,chip off the old block,chip off the old block,1,1,3,293,48,631,144,1121
break the mold,quebrar o molde,breaking the mold,21,50,29,326,278,293,1,998
ace in the hole,um trunfo oculto,a hidden asset,45,50,355,643,651,294,236,2274
She is gardening in the backyard.,Ela está fazendo jardinagem no quintal.,She is gardening in the backyard.,1,1,4,38,207,149,1,401
blind as a bat,Cego como um morcego,Blind as a bat,1,50,3,138,423,540,139,1294
call it a day,chame-lhe um dia,call him one day,30,50,278,620,612,529,255,2374
calm before the storm,calma antes da tempestade,calm before the storm,1,1,3,80,51,262,1,399
He attended a wedding last weekend.,Ele foi a um casamento no último final de semana.,He went to a wedding last weekend.,16,30,82,463,454,284,1,1330
chill to the bone,frio até aos ossos,cold to the bone,17,50,78,193,426,445,153,1362
broad strokes,traços largos,wide strokes,30,50,76,456,597,567,110,1886
She is listening to music while cooking.,Ela está ouvindo música enquanto cozinha.,She is listening to music while she cooks.,14,25,64,327,367,25,1,823
blind as a bat,Cego como um morcego,Blind as a bat,1,50,3,138,421,540,139,1292
all thumbs,todos os polegares,all the thumbs,13,50,256,403,508,478,219,1927
chip on your shoulder,chip no ombro,chip in the shoulder,30,50,265,521,553,561,168,2148
chase rainbows,perseguir arco-íris,chasing rainbows,30,50,184,417,432,451,1,1565
"hope for the best, prepare for the worst","esperar o melhor, preparar-se para o pior","expect the best, prepare for the worst",14,10,103,481,415,310,1,1334
get a grip,pegar no controlo,take control,45,50,330,575,582,617,276,2475
finger on the pulse,de dedo no pulso,finger on the pulse,1,1,3,200,200,360,162,927
ball of fire,bola de fogo,ball of fire,1,50,3,253,75,307,32,721
He is making tea in the kitchen.,Ele está fazendo chá na cozinha.,He's making tea in the kitchen.,9,14,58,305,337,88,1,812
bite your lip,Morda o seu lábio,Bite your lip,1,50,3,365,245,428,175,1267
live in a glass house,viver numa casa de vidro,living in a glass house,12,17,97,449,371,104,53,1103
into thin air,no ar rarefeito,in the thin air,27,50,229,510,590,484,256,2146
don’t cry over spilled milk,Não chore pelo leite derramado,Don't cry over spilled milk,1,17,141,141,342,233,1,876
don't count your chickens before they hatch,Não conte seus frangos antes que eles nasçam,Don't count your chickens before they're hatched.,11,49,168,407,456,436,53,1580
close to my heart,perto do meu coração,close to my heart,1,1,3,8,109,423,1,546
He went fishing with his friends.,Ele foi pescar com seus amigos.,He went fishing with his friends.,1,1,3,213,135,103,1,457
as clear as mud,claro como lama,clear as mud,9,50,196,410,263,311,1,1240
be a fly on the wall,ser uma mosca na parede,being a fly on the wall,10,8,95,472,478,370,159,1592
changing gears,mudar de marcha,change gear,45,50,254,442,517,514,70,1892
call it quits,chamar o jogo de quits,call the game quits,27,50,247,536,514,582,101,2057
bottom line,bottom line,bottom line,1,50,1,288,19,614,1,974
bet the farm,arriscar tudo,risking everything,45,50,350,627,635,218,282,2207
as free as a bird,Livre como um pássaro,Free as a bird,6,50,198,454,417,187,85,1397
flying by the seat of your pants,flying by the seat of your pants,flying by the seat of your pants,1,1,4,50,296,639,259,1250
chasing your tail,correndo atrás de sua cauda,running after its tail,40,50,304,592,568,455,235,2244
She plays the piano beautifully.,Ela toca piano lindamente.,She plays the piano beautifully.,1,1,4,154,105,37,1,303
heart of stone,coração de pedra,heart of stone,1,50,3,302,164,139,1,660
They are going to the cinema tonight.,Eles vão ao cinema hoje à noite.,They're going to the movies tonight.,19,50,191,453,365,153,1,1232
a taste of your own medicine,um gosto da sua própria medicina,a taste of their own medicine,10,50,180,577,472,453,53,1795
break the ice,quebrar o gelo,breaking the ice,21,50,39,360,401,261,1,1133
cloud of suspicion,nuvem de suspeita,cloud of suspicion,1,50,4,284,80,49,1,469
diamond in the rough,diamante em bruto,rough diamond,38,50,299,593,544,82,266,1872
beat the clock,vença o relógio,beat the clock,1,50,2,30,215,572,125,995
He is repairing the broken chair.,Ele está consertando a cadeira quebrada.,He's fixing the broken chair.,21,42,125,433,449,214,1,1285
She is watching a movie at the theater.,Ela está assistindo um filme no cinema.,She's watching a movie at the cinema.,17,38,106,477,411,85,1,1135
a penny saved is a penny earned,Um centavo economizado é um centavo ganho,A penny saved is a penny earned,1,4,2,94,237,189,111,638
He cleaned the garage on Saturday.,Ele limpou a garagem no sábado.,He cleaned the garage on Saturday.,1,1,2,103,220,511,1,839
a fish out of water,um peixe fora d'água,a fish out of water,1,1,3,64,178,133,1,381
down to earth,down to earth,down to earth,1,50,3,89,4,620,1,768
happy as a clam,feliz como uma ameijoa,happy as a clam,1,1,3,54,127,564,119,869
He visited the museum with his class.,Ele visitou o museu com sua classe.,He visited the museum with his class.,1,1,4,233,229,123,1,592
I visited my parents last weekend.,Visitei os meus pais no fim-de-semana passado.,I visited my parents last weekend.,1,1,3,173,108,55,1,342
by the skin of your teeth,por um triz de cabelo,by a hair's breadth,44,50,336,617,667,609,280,2603
crack the code,quebrar o código,break the code,21,50,91,478,450,177,53,1320
He watched a football match on TV.,Ele assistiu a uma partida de futebol na TV.,He watched a football match on TV.,1,1,3,165,65,157,1,393
climbing the corporate ladder,subindo a escada corporativa,climbing the corporate ladder,1,1,3,109,155,320,1,590
all in the same boat,Todos no mesmo barco,All in the same boat,1,17,4,139,170,192,1,524
cold feet,pés frios,cold feet,1,50,2,368,98,62,1,582
a mountain to climb,uma montanha para escalar,a mountain to climb,1,1,2,163,58,412,1,638
break the back of it,quebrar a espinha dele,break his spine,41,50,311,564,643,355,270,2234
blowing off steam,desabafar,venting,45,50,310,596,656,526,299,2482
cook up a storm,cozinhar como louco,cooking like crazy,45,50,337,588,648,316,206,2190
dead in the water,morto na água,killed in the water,17,50,121,224,319,265,1,997
bite the big one,morda o grande,bite the big one,1,1,4,115,304,611,187,1223
buy a lemon,comprar um limão,buy a lemon,1,50,2,313,20,67,1,454
get a second wind,ter uma segunda oportunidade,to have a second chance,32,50,300,624,605,203,82,1896
He is working on his laptop.,Ele está trabalhando em seu laptop.,He's working on his laptop.,10,21,72,286,273,234,1,897
clear as mud,claro como lama,clear as mud,1,50,3,93,13,311,1,472
different strokes for different folks,diferentes estilos para diferentes pessoas,different styles for different people,26,50,224,557,529,147,1,1534
She had a cup of soup for lunch.,Ela tomou uma xícara de sopa no almoço.,She had a cup of soup for lunch.,1,1,2,174,262,105,1,546
cast the first stone,lançar a primeira pedra,to cast the first stone,6,17,140,495,424,266,53,1401
call a spade a spade,chamar a uma espada uma espada,call a sword a sword,26,50,257,610,652,606,243,2444
a ray of hope,um raio de esperança,a ray of hope,1,1,4,104,66,109,1,286
They are painting the walls of their house.,Estão a pintar as paredes da sua casa.,They're painting the walls of your house.,17,48,211,538,562,182,53,1611
crash course,curso intensivo,intensive course,30,50,288,609,573,120,155,1825
The sun rises in the east.,O sol nasce no leste.,The sun rises in the east.,1,1,3,222,138,29,1,395
an arm and a leg,um braço e uma perna,an arm and a leg,1,1,3,45,261,80,15,406
breaking the mold,quebrando o molde,breaking the mold,1,50,2,203,37,368,1,662
caught red-handed,pego em flagrante,caught in the act,40,50,335,602,600,378,241,2246
blood from a stone,sangue de uma pedra,blood of a stone,17,50,158,537,534,458,57,1811
beyond the pale,fora do comum,out of the ordinary,40,50,325,628,653,358,1,2055
She is walking through the forest.,Ela está andando pela floresta.,She's walking through the forest.,10,21,73,319,363,505,1,1292
blood runs thicker than water,O sangue é mais espesso do que a água,Blood is thicker than water,12,50,62,468,311,140,1,1044
follow your nose,siga o seu nariz,follow your nose,1,50,3,372,38,537,53,1054
hard nut to crack,um problema difícil de resolver,a difficult problem to solve,42,50,338,611,563,10,11,1625
an ounce of prevention is worth a pound of cure,uma onça de prevenção vale uma libra de cura,an ounce of prevention is worth a pound of cure,1,1,3,195,299,170,53,722
come apart at the seams,desfazer-se nas costuras,come apart at the seams,1,1,3,22,195,495,117,834
She is arranging flowers in a vase.,Ela está organizando flores em um vaso.,She is arranging flowers in a vase.,1,1,4,57,169,100,1,333
They went shopping for new clothes.,Eles foram comprar roupas novas.,They went to buy new clothes.,21,50,136,471,360,165,53,1256
big league,big league,big league,1,50,4,400,8,610,296,1369
She is packing her suitcase for a trip.,Ela está arrumando sua mala para uma viagem.,She's packing her suitcase for a trip.,8,10,30,328,352,135,1,864
She attended a conference last week.,Ela participou de uma conferência na semana passada.,She attended a conference last week.,1,1,3,108,73,281,1,468
all that glitters is not gold,Nem tudo o que brilha é ouro,Not everything that glitters is gold,21,50,167,540,269,395,40,1482
rain on your parade,chuva no seu desfile,rain on your parade,1,1,3,264,146,396,1,812
as stubborn as a mule,tão teimoso quanto uma mula,as stubborn as a mule,1,1,3,6,206,389,63,669
fall on deaf ears,cair em ouvidos surdos,fall on deaf ears,1,1,3,7,181,560,165,918
She is preparing dinner for the guests.,Ela está preparando o jantar para os convidados.,She is preparing dinner for the guests.,1,1,3,151,236,143,1,536
He is writing an essay for school.,Ele está escrevendo um ensaio para a escola.,He's writing an essay for school.,9,14,139,343,332,66,1,904
beating a dead horse,bater num cavalo morto,beating a dead horse,1,1,3,137,300,585,138,1165
keep your eyes peeled,Fique de olho,Keep an eye on it,42,50,341,547,577,240,194,1991
He visited his grandmother in the hospital.,Ele visitou sua avó no hospital.,He visited his grandmother in the hospital.,1,1,3,239,223,166,1,634
caught in the crossfire,apanhado no fogo cruzado,caught in the crossfire,1,1,3,15,149,487,24,680
a blessing in disguise,uma bênção disfarçada,a blessing in disguise,1,1,3,130,198,270,1,604
bending over backwards,fazer o impossível,do the impossible,45,50,351,634,665,393,275,2413
He is drawing in his sketchbook.,Ele está desenhando em seu caderno de esboços.,He's drawing in his sketchbook.,10,21,190,370,334,254,1,1180
a new lease on life,um novo ânimo para a vida,a new zest for life,26,50,287,565,621,343,80,1972
climbing the ladder,subindo a escada,climbing the stairs,21,50,185,476,539,243,1,1515
a rolling stone gathers no moss,Uma pedra rolante não acumula musgo,A rolling stone gathers no moss,1,8,3,101,370,304,71,858
better half,melhor metade,the better half,13,50,238,263,434,318,53,1369
He is eating dinner with his family.,Ele está jantando com sua família.,He's having dinner with his family.,19,32,143,431,453,568,58,1704
in the bag,na bolsa,in the bag,1,50,3,254,272,604,263,1447
dead as a doornail,morto como um prego na porta,killed like a nail in the door,43,50,280,542,622,584,295,2416
She is playing with her children in the garden.,Ela está brincando com seus filhos no jardim.,She is playing with her children in the garden.,1,1,5,231,244,86,1,569
I am playing video games in my room.,Estou jogando videogame no meu quarto.,I'm playing video games in my room.,8,10,27,212,288,36,1,582
cut to the chase,cut to the chase,cut to the chase,1,1,5,71,49,633,244,1004
cut the mustardcross that bridge when you come to it,cut the mustardcross that bridge when you come to it,cut the mustardcross that bridge when you come to it,1,1,4,269,391,644,287,1597
She works as a software engineer.,Ela trabalha como engenheira de software.,She works as a software engineer.,1,1,2,216,100,131,1,452
He is going to the post office.,Ele está indo para a agência dos correios.,He's going to the post office.,9,14,77,278,405,202,1,986
bare your soul,despe a tua alma,empty your soul,21,50,204,585,542,565,260,2227
bad blood,sangue ruim,bad blood,1,50,3,312,64,457,1,888
She is playing piano in the evening.,Ela está tocando piano à noite.,She's playing the piano at night.,34,50,222,441,488,196,1,1432
go down in flames,ir para as chamas,go into the flames,30,50,239,474,515,601,214,2123
get your ducks in a row,get your ducks in a row,get your ducks in a row,1,1,2,87,208,624,184,1107
They cleaned the house on Saturday.,Limparam a casa no sábado.,They cleaned the house on Saturday.,1,1,2,63,238,483,14,802
at death's door,à beira da morte,at the brink of death,32,50,316,533,594,480,126,2131
cut the mustard,cortar a mostarda,cut the mustard,1,50,4,315,160,459,1,990
by the book,de acordo com o livro,according to the book,27,50,284,546,574,338,1,1820
She played cards with her friends.,Ela jogava cartas com seus amigos.,She played cards with her friends.,1,1,2,248,186,188,1,627
an old flame,uma antiga paixão,an old passion,21,50,213,570,523,9,56,1442
They are reading a novel by the fireplace.,Estão a ler um romance junto da lareira.,They are reading a novel by the fireplace.,1,1,3,191,246,274,1,717
caught between a rock and a hard place,Preso entre uma rocha e um lugar difícil,Stuck between a rock and a hard place,8,3,14,428,441,430,151,1475
a sinking ship,um navio a afundar-se,a sinking ship,1,50,1,58,133,364,9,616
drive me up the wall,me deixa louco,drives me crazy,41,50,317,605,626,413,258,2310
I called my friend last night.,Eu liguei para o meu amigo ontem à noite.,I called my friend last night.,1,1,3,168,130,83,1,387
burn the candle at both ends,Queimar a vela em ambas as extremidades,Burning the candle at both ends,10,8,20,412,457,390,120,1417
They are attending a concert tonight.,Eles estão indo para um show hoje à noite.,They're going to a concert tonight.,25,44,176,466,444,184,1,1340
bite the bullet,bite the bullet,bite the bullet,1,50,3,258,118,641,107,1178
chase your tail,persiga seu rabo,chase your tail,1,50,5,310,254,592,176,1388
cool as a cucumber,frio como um pepino,cold as a cucumber,17,50,80,483,540,340,75,1585
don't put all your eggs in one basket,Não ponha todos os seus ovos num só cesto,Don’t put all your eggs in one basket,1,3,53,281,289,279,1,907
black as coal,preto como carvão,black as coal,1,50,2,184,2,365,1,605
ants in your pants,formigas nas calças,ants in your pants,1,1,5,236,280,512,94,1129
don't bite the hand that feeds you,Não morda a mão que o alimenta,Don't bite the hand that feeds you,1,4,2,129,407,117,1,661
live to fight another day,Viva para lutar outro dia,Live to fight another day,1,17,5,227,265,345,34,894
cat's meow,miau do gato,cat's meow,1,50,4,271,158,524,171,1179
by the book,de acordo com o livro,according to the book,27,50,284,546,574,337,1,1819
by the skin of your teeth,por um triz de cabelo,by a hair's breadth,44,50,336,617,667,609,280,2603
busy as a bee,ocupado como uma abelha,busy as a bee,1,1,3,29,242,308,59,643
calm before the storm,calma antes da tempestade,calm before the storm,1,1,3,80,51,262,1,399
She visited the art gallery on Sunday.,Ela visitou a galeria de arte no domingo.,She visited the art gallery on Sunday.,1,1,3,125,216,45,1,392
They went to a restaurant for dinner.,Eles foram a um restaurante para jantar.,They went to a restaurant for dinner.,1,1,3,133,152,89,1,380
all thumbs,todos os polegares,all the thumbs,13,50,256,403,507,478,219,1926
She is dancing to the music.,Ela está dançando com a música.,She's dancing to the music.,10,21,128,367,366,361,1,1254
bend the rules,flexibilizar as regras,to make the rules more flexible,33,50,318,559,610,544,154,2268
bring to the table,trazer para a mesa,bring to the table,1,1,5,20,99,499,76,701
crash and burn,crash and burn,crash and burn,1,50,3,282,23,615,1,975
They are playing chess at the table.,Estão a jogar xadrez na mesa.,They're playing chess on the table.,19,50,160,438,479,19,1,1166
bare bones,bare bones,bare bones,1,50,5,344,11,616,1,1028
an uphill battle,uma batalha difícil,a difficult battle,38,50,267,568,437,87,54,1501
cast a shadow,lançar uma sombra,cast a shadow,1,50,4,16,50,429,65,615
She is watching the stars at night.,Ela está olhando as estrelas à noite.,She's looking at the stars at night.,21,33,126,446,442,418,1,1487
don’t put all your eggs in one basket,Não ponha todos os seus ovos num só cesto,Don’t put all your eggs in one basket,1,3,5,27,282,280,1,599
face the music,face à música,facing the music,21,50,172,465,501,542,121,1872
She is practicing yoga in the park.,Ela está praticando yoga no parque.,She is practicing yoga in the park.,1,1,3,183,148,15,1,352
He made a sandwich for lunch.,Ele fez um sanduíche para o almoço.,He made a sandwich for lunch.,1,1,3,176,107,154,1,443
hit the books,estudar muito,study a lot,45,50,353,598,647,213,286,2192
close shave,close shave,close shave,1,50,2,303,56,608,1,1021
a leopard can't change its spots,Um leopardo não pode mudar suas manchas,A leopard cannot change its spots,16,50,88,351,368,273,53,1199
couch potato,couch potato,couch potato,1,50,3,383,32,621,1,1091
She walked to the store.,Ela foi até a loja a pé.,She went to the store on foot.,21,50,200,488,525,116,1,1401
like riding a bike,como andar de bicicleta,how to ride a bike,32,50,261,604,572,162,53,1734
They are playing volleyball at the beach.,Estão a jogar à voleibol na praia.,They're playing volleyball on the beach.,19,50,148,404,402,74,1,1098
He is playing soccer with his friends.,Ele está jogando futebol com seus amigos.,He's playing soccer with his friends.,9,14,123,361,315,183,1,1006
curiosity killed the cat,curiosidade matou o gato,Curiosity killed the cat.,1,50,150,86,458,362,1,1108
barking up the wrong tree,barking up the wrong tree,barking up the wrong tree,1,1,3,37,83,640,191,956
They are visiting the zoo.,Eles estão visitando o zoológico.,They're visiting the zoo.,12,29,156,247,396,132,1,973
pull the plug,puxe a ficha,pull the plug,1,50,4,198,88,613,142,1096
beat a hasty retreat,deram uma retirada precipitada,they gave a hasty retreat,22,50,242,563,575,467,249,2168
I went to the store to buy some bread.,Fui à loja comprar pão.,I went to the store to buy bread.,2,12,12,423,358,51,1,859
butterflies in my stomach,borboletas no meu estômago,butterflies in my stomach,1,1,3,55,114,252,1,427
come up against a brick wall,depara-se com uma parede de tijolos,is faced with a brick wall,30,50,281,574,598,508,221,2262
smooth sailing,navegação tranquila,calm navigation,45,50,237,535,589,158,1,1615
She is sending a letter to her friend.,Ela está enviando uma carta para sua amiga.,She is sending a letter to her friend.,1,1,3,76,249,38,1,369
He is checking his email.,Ele está checando seu e-mail.,He's checking his email.,12,29,55,285,310,138,1,830
an uphill battle,uma batalha difícil,a difficult battle,38,50,267,568,437,87,54,1501
make waves,fazer ondas,make waves,1,50,4,350,55,452,53,965
bury the hatchet,enterrar o machado,bury the hatchet,1,50,4,202,379,570,156,1362
as good as gold,tão bom quanto o ouro,as good as gold,1,1,3,65,34,332,92,528
She is putting on her shoes.,Ela está colocando os sapatos.,She's putting on her shoes.,10,21,48,301,347,65,1,793
built like a tank,construído como um tanque,built like a tank,1,1,5,197,52,106,1,363
hit the sack,hit the sack,hit the sack,1,50,5,31,67,630,197,981
burst your bubble,estourar sua bolha,burst your bubble,1,50,2,294,29,461,83,920
He is going for a bike ride.,Ele está indo para um passeio de bicicleta.,He's going for a bike ride.,9,14,44,300,316,217,1,901
bite the dust,morrer,to die,45,50,349,648,670,548,303,2613
falling apart at the seams,caindo aos pedaços nas costuras,falling apart at the seams,1,1,3,79,94,356,44,578
They are jogging through the park.,Eles estão correndo pelo parque.,They're running through the park.,21,42,209,447,528,324,1,1572
backseat driver,piloto de banco traseiro,backseat pilot,30,50,205,311,476,435,84,1591
a blessing in disguise,uma bênção disfarçada,a blessing in disguise,1,1,3,130,198,270,1,604
back against the wall,de costas contra a parede,back against the wall,1,1,4,127,120,589,132,974
blue collar,blue collar,blue collar,1,50,2,364,28,622,1,1068
kill two birds with one stone,matar dois pássaros com uma pedra,kill two birds with one stone,1,1,2,95,257,414,17,787
at the drop of a hat,at the drop of a hat,at the drop of a hat,1,1,3,12,140,638,232,1027
by a hair's breadth,por uma questão de cabelo,for a matter of hair,35,50,327,632,650,384,216,2294
They are planning a trip to Europe.,Eles estão planejando uma viagem para a Europa.,They are planning a trip to Europe.,1,1,4,189,139,129,1,464
big picture,big picture,big picture,1,50,3,381,10,619,2,1066
beat around the bush,dar voltas ao assunto,beat around the bush,1,1,3,245,286,594,223,1353
cast in stone,gravado em pedra,carved in stone,21,50,178,486,498,347,53,1633
They went to the supermarket yesterday.,Eles foram ao supermercado ontem.,They went to the supermarket yesterday.,1,1,2,111,173,176,1,465
She cleaned the kitchen after dinner.,Ela limpou a cozinha depois do jantar.,She cleaned the kitchen after dinner.,1,1,3,99,172,98,1,375
He traveled to Paris last year.,Ele viajou para Paris no ano passado.,He traveled to Paris last year.,1,1,3,157,77,287,1,527
face like thunder,cara de trovão,thunder face,36,50,312,590,565,450,227,2230
I am learning how to cook.,Estou a aprender a cozinhar.,I'm learning to cook.,18,50,164,265,394,81,1,973
She is wearing a red dress.,Ela está usando um vestido vermelho.,She's wearing a red dress.,10,21,84,345,274,159,1,894
come rain or shine,venha a chuva ou o sol,come rain or shine,1,1,3,266,42,434,53,800
get the ball rolling,começar a rolar a bola,start rolling the ball,30,50,227,527,521,431,148,1934
He went to the gym for a workout session.,Ele foi para a academia para uma sessão de treino.,He went to the gym for a training session.,7,13,13,391,355,297,1,1077
He is drinking tea in the morning.,Ele está bebendo chá de manhã.,He's drinking tea in the morning.,9,14,68,308,389,136,1,925
They enjoyed a family dinner together.,Juntaram-se para um jantar em família.,They came together for a family dinner.,25,50,192,522,470,272,1,1532
They are playing basketball in the yard.,Eles estão jogando basquete no quintal.,They're playing basketball in the yard.,9,14,87,260,313,43,1,727
"blood, sweat, and tears","sangue, suor e lágrimas","blood, sweat and tears",1,50,28,408,116,34,1,638
flying high,voando alto,flying high,1,50,3,171,57,494,81,857
bring home the bacon,trazer para casa o bacon,bringing home the bacon,17,50,33,273,357,407,1,1138
give someone the cold shoulder,dar a alguém o ombro frio,give someone the cold shoulder,1,1,3,205,268,237,18,733
bite your tongue,Morda a língua,Bite your tongue,1,50,4,378,330,383,182,1328
all in a day's work,tudo num dia de trabalho,all in a day's work,1,1,4,42,176,301,38,563
eyes in the back of your head,olhos na parte de trás da sua cabeça,eyes in the back of your head,1,1,3,199,397,465,1,1067
He ate his breakfast quickly.,Ele comeu seu café da manhã rapidamente.,He ate his breakfast quickly.,1,1,1,128,89,351,1,572
back on your feet,de volta aos seus pés,back on their feet,17,50,231,581,217,491,161,1748
"blood, sweat, and tears","sangue, suor e lágrimas","blood, sweat and tears",1,50,28,408,116,34,1,638
They are driving to the countryside.,Estão a dirigir-se para o campo.,They're heading for the camp.,38,50,276,569,638,255,246,2072
She cooked dinner for her family.,Ela cozinhou o jantar para sua família.,She cooked dinner for her family.,1,1,3,153,122,151,1,432
ace in the hole,um trunfo oculto,a hidden asset,45,50,355,643,651,294,236,2274
hard as nails,duro como unhas,hard as nails,1,50,3,10,24,420,106,614
kill two birds with one stone,matar dois pássaros com uma pedra,kill two birds with one stone,1,1,2,95,257,414,17,787
black and blue,preto e azul,black and blue,1,50,3,291,1,28,1,375
how the cookie crumbles,como o biscoito se desfaz,like the biscuit crumbles,30,50,234,580,623,470,185,2172
He played video games all evening.,Ele jogou video games a noite toda.,He played video games all night.,10,20,32,374,270,24,1,731
all bark and no bite,tudo é conversa e nada de ação,all is talk and nothing of action,38,50,295,641,614,352,254,2244
beef up,reforçar,strengthen,45,50,354,630,666,422,278,2445
be on cloud nine,estar nas nuvens,to be in the clouds,42,50,321,583,625,410,203,2234
They traveled to the mountains for vacation.,Eles viajaram para as montanhas para passar as férias.,They traveled to the mountains to spend the holidays.,23,44,146,455,429,473,43,1613
They went on a road trip last summer.,Eles fizeram uma viagem de carro no verão passado.,They took a road trip last summer.,14,22,22,434,340,216,1,1049
clear the air,limpar o ar,clean the air,21,50,236,445,400,425,53,1630
cat got your tongue,O gato comeu-lhe a língua,The cat ate his tongue,32,50,306,642,557,374,129,2090
as busy as a bee,ocupado como uma abelha,busy as a bee,6,6,202,511,516,308,158,1707
They are visiting their friends in the city.,Estão a visitar os amigos na cidade.,They're visiting friends in the city.,14,37,162,437,433,375,1,1459
come out of your shell,saia da sua concha,come out of your shell,1,1,3,250,166,496,104,1021
a storm in a teacup,uma tempestade num copo de chá,a storm in a teacup,1,1,3,307,264,244,8,828
a tower of strength,uma torre de força,a tower of strength,1,1,3,221,54,312,1,593
all's fair in love and war,Tudo é justo no amor e na guerra,All is fair in love and war,9,23,149,399,298,121,1,1000
She is doing her hair in front of the mirror.,Ela está fazendo o cabelo na frente do espelho.,She is doing her hair in front of the mirror.,1,1,3,131,277,210,124,747
all the world's a stage,Todo o mundo é um palco,All the world's a stage,1,17,3,47,317,79,1,465
"if the shoe fits, wear it","Se o sapato serve, use-o","If the shoe fits, wear it.",1,15,93,23,364,444,88,1028
They have three children.,Têm três filhos.,They have three children.,1,1,3,132,59,231,1,428
She is preparing for a job interview.,Ela está se preparando para uma entrevista de emprego.,She is preparing for a job interview.,1,1,3,118,111,190,1,425
They had a barbecue in the backyard.,Eles fizeram um churrasco no quintal.,They had a barbecue in the backyard.,1,1,3,136,190,144,1,476
bite the bullet,bite the bullet,bite the bullet,1,50,3,258,118,641,107,1178
They went hiking in the mountains.,Eles foram fazer caminhadas nas montanhas.,They went hiking in the mountains.,1,1,3,207,180,152,1,545
keep your chin up,mantenha a cabeça erguida,keep your head up,17,50,155,426,483,283,116,1530
cut from the same cloth,cortados do mesmo tecido,cut from the same cloth,1,1,3,158,256,462,1,882
full plate,prato cheio,full plate,1,50,3,329,101,553,213,1250
alive and kicking,vivo e de pé,alive and standing,21,50,214,612,596,534,247,2274
a place in the sun,Um lugar ao sol,A place in the sun,1,17,4,182,293,201,1,699
They went to the zoo with the kids.,Eles foram ao zoológico com as crianças.,They went to the zoo with the children.,8,9,11,406,361,101,1,897
I took a photo of the beautiful sunset.,Tirei uma foto do lindo pôr do sol.,I took a picture of the beautiful sunset.,8,27,8,396,351,169,1,960
bad egg,ovo podre,rotten egg,30,50,248,512,613,623,268,2344
back to square one,de volta ao ponto de partida,back to the starting point,32,50,291,567,490,96,53,1579
break the ice,quebrar o gelo,breaking the ice,21,50,39,360,401,261,1,1133
The train arrived at the station on time.,O comboio chegou à estação no horário.,The train arrived at the station on time.,1,1,3,70,131,50,1,257
She took a nap after lunch.,Ela tirou uma soneca depois do almoço.,She took a nap after lunch.,1,1,2,188,104,371,1,668
He is watering the plants.,Ele está regando as plantas.,He's watering the plants.,12,29,105,346,373,376,1,1242
at the helm,ao leme,at the helm,1,50,3,2,267,578,169,1070
The dog is playing outside.,O cão está brincando lá fora.,The dog is playing outside.,1,1,3,98,182,56,1,342
coming full circle,fechando o círculo,closing the circle,38,50,309,635,556,317,146,2051
hold your horses,Segurem os cavalos,Hold the horses.,21,50,270,525,571,588,179,2204
as smooth as silk,suave como a seda,soft as silk,27,50,235,506,390,137,1,1346
a shot in the dark,um tiro no escuro,a shot in the dark,1,1,2,120,150,225,6,505
burst at the seams,estou estourado pelas costuras,I'm bursting at the seams,26,50,252,562,578,426,289,2183
They went to a concert last night.,Eles foram a um show ontem à noite.,They went to a show last night.,9,36,21,493,435,171,53,1218
cat got your tongue,O gato comeu-lhe a língua,The cat ate his tongue,32,50,306,642,557,374,129,2090
They are having a discussion in the classroom.,Eles estão tendo uma discussão na sala de aula.,They are having a discussion in the classroom.,1,1,3,145,147,92,1,390
behind the eight ball,atrás da oitava bola,behind the eighth ball,17,50,157,186,504,507,212,1633
She is painting a picture on the canvas.,Ela está pintando uma imagem na tela.,She's painting a picture on the screen.,17,38,212,548,532,330,53,1730
against the grain,contra a corrente,against the current,21,50,301,618,606,519,252,2367
She is typing on her computer.,Ela está digitando em seu computador.,She is typing on her computer.,1,1,2,39,93,180,1,317
left out in the cold,deixado à mercê do frio,left to the mercy of the cold,30,50,293,553,580,359,1,1866
don't judge a book by its cover,Não julgue um livro pela capa,Don't judge a book by its cover,1,4,5,69,281,7,1,368
bend over backward,dobrar para trás,bend backwards,36,50,210,494,466,563,163,1982
back to the grind,de volta ao trabalho,back to work,27,50,269,545,538,342,96,1867
let sleeping dogs lie,Deixe os cães dormirem,Let the dogs sleep,30,50,230,529,530,41,1,1411
a snowball's chance in hell,a chance de uma bola de neve no inferno,the chance of a snowball in hell,25,50,220,534,545,477,131,1982
fighting a losing battle,lutando numa batalha condenada à derrota,fighting a battle doomed to defeat,26,50,246,560,581,399,53,1915
a fish out of water,um peixe fora d'água,a fish out of water,1,1,3,64,178,133,1,381
hit the ground running,começar de imediato,start immediately,45,50,345,626,609,386,248,2309
heart of stone,coração de pedra,heart of stone,1,50,3,302,164,139,1,660
He took a walk in the park.,Ele deu uma caminhada no parque.,He took a walk in the park.,1,1,3,246,132,260,1,644
They are enjoying a cup of coffee together.,Estão a desfrutar de uma chávena de café juntos.,They are enjoying a cup of coffee together.,1,1,4,107,239,146,1,499
I made a cup of tea for myself.,Fiz uma chávena de chá para mim.,I made a cup of tea for myself.,1,1,5,146,144,175,1,473
cooking up a storm,cozinhar como louco,cooking like crazy,40,50,328,589,631,316,205,2159
fall through the cracks,cair nas rachaduras,fall into the cracks,17,50,40,295,487,557,53,1499
bend over backwards,fazer o impossível,do the impossible,45,50,343,633,668,393,230,2362
dance with the devil,dança com o diabo,dance with the devil,1,1,3,355,279,510,67,1216
dark horse,cavalo escuro,dark horse,1,50,3,421,43,93,1,612
She enjoys walking in the park.,Ela gosta de caminhar no parque.,She likes to walk in the park.,25,47,115,443,418,113,1,1162
go the extra mile,dar o seu melhor,do your best,45,50,356,558,639,523,195,2366
He is looking out the window at the rain.,Ele está olhando pela janela para a chuva.,He's looking out the window at the rain.,7,7,19,342,339,306,1,1021
feeling under the weather,feeling under the weather,feeling under the weather,1,1,5,122,71,632,1,833
bridge the gap,colmar a lacuna,bridge the gap,1,50,3,185,266,591,37,1133
clear as crystal,claro como cristal,clear as crystal,1,50,2,24,6,205,1,289
actions speak louder than words,as ações falam mais alto do que as palavras,actions speak louder than words,1,1,2,11,41,164,1,221
cutting corners,cortar cantos,cut corners,30,50,166,469,505,533,93,1846
cost an arm and a leg,custar um braço e uma perna,cost an arm and a leg,1,1,3,114,227,479,50,875
a far cry,um grito distante,a distant cry,21,50,225,513,567,16,237,1629
carry the torch,carregar a tocha,loading the torch,21,50,250,582,599,481,181,2164
chew the fat,mastigar a gordura,chew the fat,1,50,2,339,214,515,102,1223
at a snail's pace,a um ritmo de lesma,at a snail's pace,1,1,3,60,194,211,10,480
He is taking a nap on the couch.,Ele está tirando uma soneca no sofá.,He's taking a nap on the couch.,8,10,23,298,305,300,4,948
dressed to kill,vestida para matar,dressed to kill,1,50,3,218,39,264,1,576
all in your head,tudo na sua cabeça,everything in your head,17,50,161,257,314,195,1,995
He is writing a story for school.,Ele está escrevendo uma história para a escola.,He's writing a story for school.,9,14,122,330,326,286,1,1088
She painted a picture of a landscape.,Ela pintou uma imagem de uma paisagem.,She painted a picture of a landscape.,1,1,3,240,168,200,1,614
banging your head against a brick wall,bater a cabeça contra uma parede de tijolos,banging your head against a brick wall,1,1,2,68,292,228,99,691
She is visiting her grandmother in the hospital.,Ela está visitando sua avó no hospital.,She's visiting her grandmother in the hospital.,8,10,100,371,359,124,1,973
She had a meeting with her boss.,Ela teve uma reunião com seu chefe.,She had a meeting with her boss.,1,1,3,230,248,95,1,579
She is knitting a scarf for winter.,Ela está tricotando um cachecol para o inverno.,She is knitting a scarf for the winter.,3,18,16,299,323,246,3,908
She took the train to the city.,Ela pegou o trem para a cidade.,She took the train to the city.,1,1,3,140,251,26,1,423
break a leg,Quebrar uma perna,Breaking a leg,21,50,83,402,409,432,90,1487
They are taking pictures in front of the monument.,Estão a tirar fotografias em frente ao monumento.,They are taking photos in front of the monument.,7,19,7,292,276,227,1,829
They went for a walk in the park.,Eles foram dar uma caminhada no parque.,They went for a walk in the park.,1,1,3,178,95,94,1,373
below the belt,abaixo da cintura,below the waist,21,50,253,497,620,185,73,1699
caught red-handed,pego em flagrante,caught in the act,40,50,335,602,601,379,240,2247
make a mountain out of a molehill,fazer uma montanha de uma molehill,make a mountain out of a molehill,1,1,4,49,153,536,202,946
burning bridges,queimar pontes,burning bridges,1,50,2,318,306,111,1,789
burn a hole in your pocket,queimar um buraco no seu bolso,burn a hole in your pocket,1,1,4,124,161,626,186,1103
He is waiting for the bus.,Ele está esperando o ônibus.,He's waiting for the bus.,10,21,54,262,386,348,1,1082
better safe than sorry,É melhor prevenir do que remediar,It is better to prevent than to cure,38,50,332,636,629,250,53,1988
burnt to a crisp,queimado até ficar crocante,burned until crispy,45,50,313,552,570,476,16,2022
They are doing laundry in the basement.,Estão a lavar roupa na cave.,They're doing laundry in the basement.,9,14,35,276,333,118,1,786
as light as a feather,leve como uma pena,light as a feather,6,6,208,430,524,327,115,1616
as fit as a fiddle,em forma como uma camisola,shaped like a sweater,42,50,322,644,644,372,242,2316
They are going for a run in the morning.,Eles vão correr de manhã.,They're going to run in the morning.,20,43,233,487,512,408,1,1704
adding insult to injury,Acrescentando insulto à injúria,Adding insult to injury,1,50,3,33,462,367,1,917
apple of discord,maçã da discórdia,apple of discord,1,50,3,228,63,549,193,1087
broken dreams,sonhos desfeitos,broken dreams,1,50,3,379,79,319,1,832
bitten by the bug,mordeu pelo bicho,bitten by the bug,1,1,3,67,102,546,123,843
blown away,deixado de lado,left aside,45,50,326,608,657,353,103,2142
big shoes to fill,grandes sapatos para preencher,big shoes to fill,1,1,3,150,128,605,207,1095
He is cleaning the garage.,Ele está limpando a garagem.,He's cleaning the garage.,12,29,66,317,428,331,1,1184
She played tennis with her brother.,Ela jogava tênis com seu irmão.,She played tennis with her brother.,1,1,3,270,125,69,1,470
grasp at straws,agarrar-se a qualquer coisa,clinging to anything,45,50,333,616,671,401,293,2409
coming up roses,coming up roses,coming up roses,1,50,5,243,53,628,109,1089
The car stopped at the red light.,O carro parou no sinal vermelho.,The car stopped at the red light.,1,1,3,110,219,134,1,469
They are sitting around the campfire.,Estão sentados à volta da fogueira.,They are sitting around the fire.,10,20,112,435,511,397,1,1486
He is working out in the gym.,Ele está se exercitando na academia.,He's working out in the gym.,9,14,69,336,349,486,1,1264
She is playing with her cat.,Ela está brincando com seu gato.,She is playing with her cat.,1,1,3,241,179,268,1,694
He is fixing the car.,Ele está consertando o carro.,He's fixing the car.,12,29,86,280,440,309,1,1157
I like to read books in the evening.,Gosto de ler livros à noite.,I like to read books at night.,21,38,92,414,430,5,1,1001
They went to a museum last month.,Eles foram a um museu no mês passado.,They went to a museum last month.,1,1,3,143,159,31,1,339
They went to the library to borrow books.,Eles foram à biblioteca para pegar emprestado livros.,They went to the library to borrow books.,1,1,3,209,225,236,1,676
flying off the handle,perder o controlo,losing control,45,50,348,584,646,583,199,2455
catch lightning in a bottle,captar o relâmpago numa garrafa,capturing lightning in a bottle,12,17,94,491,494,516,95,1719
bare your soul,despe a tua alma,empty your soul,21,50,204,585,542,565,260,2227
They met their friends at the café.,Eles encontraram seus amigos no café.,They met their friends at the cafe.,9,13,3,170,329,61,1,586
jump the gun,jump the gun,jump the gun,1,50,3,275,110,634,62,1135
She worked on her project all afternoon.,Ela trabalhou em seu projeto a tarde toda.,She worked on her project all afternoon.,1,1,3,161,87,404,1,658
bury the hatchet,enterrar o machado,bury the hatchet,1,50,4,202,380,569,156,1362
They are watching TV in the living room.,Eles estão assistindo TV na sala de estar.,They are watching TV in the living room.,1,1,3,62,183,17,1,268
They are eating lunch together.,Estão almoçando juntos.,They're having lunch together.,26,50,174,398,374,206,1,1229
He is taking a walk around the block.,Ele está dando uma volta pelo quarteirão.,He's taking a walk around the block.,8,10,46,324,410,439,1,1238
hit the nail on the head,acertar em cheio,hit the mark,33,50,297,601,637,547,302,2467
He sent an email to his colleague.,Ele enviou um e-mail para seu colega.,He sent an email to his colleague.,1,1,3,235,250,2,1,493
carry a torch,carregar uma tocha,carrying a torch,21,50,111,409,484,277,78,1430
They took a bus to the city center.,Eles pegaram um ônibus para o centro da cidade.,They took a bus to the city center.,1,1,3,156,205,70,1,437
eat your heart out,come o teu coração,eat your heart out,1,1,3,237,31,587,257,1117
I did the laundry yesterday.,Eu fiz a lavanderia ontem.,I did the laundry yesterday.,1,1,3,17,234,11,1,268
They are taking a walk along the beach.,Estão a dar um passeio na praia.,They're taking a walk on the beach.,17,50,116,422,384,130,1,1120
a weight on my shoulders,um peso nos meus ombros,a weight on my shoulders,1,1,4,51,137,232,1,427
can't cut the mustard,can't cut the mustard,can't cut the mustard,1,1,2,66,258,642,147,1117
come down to earth,venha para a terra,come to the land,30,50,263,549,627,543,201,2263
She is writing a letter to her friend.,Ela está escrevendo uma carta para sua amiga.,She is writing a letter to her friend.,1,1,3,78,230,53,1,367
bad apple,maçã podre,rotten apple,30,50,232,516,655,598,264,2345
apple of my eye,a menina dos meus olhos,the girl of my eyes,32,50,275,631,602,520,238,2348
She is making a salad for lunch.,Ela está fazendo uma salada para o almoço.,She's making a salad for lunch.,9,14,26,338,335,21,1,744
He repaired the broken chair.,Ele consertou a cadeira quebrada.,He fixed the broken chair.,12,31,70,452,412,63,53,1093
icing on the cake,a cereja no topo do bolo,the cherry on the top of the cake,30,50,260,579,584,532,174,2209
She went to the dentist for a check-up.,Ela foi ao dentista para fazer um check-up.,She went to the dentist for a check-up.,1,1,3,169,201,292,1,668
armed to the teeth,armado até aos dentes,armed to the teeth,1,1,3,5,134,437,72,653
Water boils at 100°C.,A água ferve a 100°C.,Water boils at 100°C.,1,1,4,44,35,1,1,87
red herring,isca vermelha,red bait,30,50,271,599,607,456,204,2217
have a lot on your plate,have a lot on your plate,have a lot on your plate,1,1,2,81,36,643,118,882
a clean slate,um novo começo,a new beginning,38,50,334,603,579,58,1,1663
feeding the fire,alimentando o fogo,feeding the fire,1,50,3,211,171,443,164,1043
finding a needle in a haystack,Encontrar uma agulha num palheiro,Finding a needle in a haystack,1,8,4,46,452,329,46,886
She is shopping for groceries.,Ela está comprando mantimentos.,She's buying groceries.,32,50,195,473,439,221,1,1411
born with a silver spoon,nascido com uma colher de prata,born with a silver spoon,1,1,3,172,222,421,21,841
let the cat out of the bag,Deixe o gato sair da sacola,Let the cat out of the bag,1,4,3,88,283,350,1,730
black mark,marca preta,black mark,1,50,2,382,22,571,100,1128
call it a day,chame-lhe um dia,call him one day,30,50,278,620,611,529,255,2373
batten down the hatches,batir os porões,beat the cellars,40,50,329,637,664,573,281,2574
call it a night,chame-lhe uma noite,call it a night,1,1,4,74,165,513,22,780
I worked on my computer for two hours.,Eu trabalhei no meu computador por duas horas.,I worked on my computer for two hours.,1,1,3,92,92,172,1,362
man of the hour,homem da hora,Man of the hour.,1,50,159,26,383,475,1,1095
from the bottom of my heart,do fundo do meu coração,from the bottom of my heart,1,1,1,25,163,215,1,407
beat around the bush,dar voltas ao assunto,beat around the bush,1,1,3,245,286,594,223,1353
go the extra mile,dar o seu melhor,do your best,45,50,356,558,639,523,195,2366
down to earth,down to earth,down to earth,1,50,3,89,3,620,1,767
They are chatting in the living room.,Estão a conversar na sala de estar.,They're talking in the living room.,19,32,110,356,465,150,1,1133
The dog ran across the yard.,O cão correu pelo quintal.,The dog ran through the yard.,10,50,15,459,413,326,1,1274
bigger fish to fry,peixes maiores para fritar,larger fish for frying,41,50,241,504,549,482,1,1868
climbing the walls,escalando as paredes,climbing the walls,1,50,3,242,204,464,1,965
as clear as day,claro como o dia,clear as day,9,50,199,389,241,416,66,1370
like a fish out of water,como um peixe fora d'água,like a fish out of water,1,1,3,126,252,155,1,539
"like father, like son","Como o pai, como o filho","Like the father, like the son",13,50,201,484,486,325,1,1560
blaze a trail,abrir caminho,open the way,45,50,342,607,641,263,140,2088
dare to dream,Ouse sonhar,Dare to dream,1,50,2,306,468,528,87,1442
at your wit’s end,at your wit’s end,at your wit’s end,1,1,3,179,69,636,196,1085
a piece of cake,um pedaço de bolo,a piece of cake,1,1,3,72,117,122,1,317
call the shots,chamar as cartas,calling the cards,38,50,272,621,642,575,245,2443
close call,close call,close call,1,50,3,255,17,599,1,926
against the clock,contra o relógio,against the clock,1,50,3,113,115,295,1,578
eye of the storm,olho da tempestade,eye of the storm,1,1,3,220,126,466,97,914
don't count your chickens before they hatch,Não conte seus frangos antes que eles nasçam,Don't count your chickens before they're hatched.,11,49,168,407,456,436,53,1580
They are having a family gathering at home.,Eles estão tendo uma reunião de família em casa.,They're having a family meeting at home.,17,50,114,470,446,90,1,1188
big time,big time,big time,1,50,5,56,26,627,1,766
a drop in the ocean,uma gota no oceano,a drop in the ocean,1,1,3,36,143,541,128,853
big fish in a small pond,peixe grande num pequeno lago,Big fish in a small pond,1,8,5,287,303,59,7,670
She studied for the test all week.,Ela estudou para o teste a semana inteira.,She studied for the test all week.,1,1,4,117,235,128,1,487
against all odds,contra todas as probabilidades,against all odds,1,50,3,3,18,285,1,361
hit the nail on the head,acertar em cheio,hit the mark,33,50,297,601,637,547,302,2467
back against the wall,de costas contra a parede,back against the wall,1,1,4,127,119,589,132,973
They watched the sunrise at the beach.,Eles viram o nascer do sol na praia.,They watched the sunrise on the beach.,9,36,10,401,322,220,1,999
butter wouldn't melt,a manteiga não derreteria,the butter wouldn't melt,6,50,49,340,376,417,49,1287
a taste of their own medicine,um gosto da sua própria medicina,a taste of their own medicine,1,1,3,102,193,453,1,754
She is organizing her closet.,Ela está organizando seu armário.,She's organizing her closet.,12,29,67,325,295,84,1,813
She went to the gym for a workout.,Ela foi para a academia para malhar.,She went to the gym to work out.,24,40,169,485,460,194,1,1373
dropping like flies,caindo como moscas,falling like flies,21,50,109,482,485,411,180,1738
a taste of freedom,um gosto de liberdade,a taste of freedom,1,1,3,100,124,22,1,252
hold your horses,Segurem os cavalos,Hold the horses.,21,50,270,525,571,588,179,2204
The weather is very cold today.,O tempo está muito frio hoje.,The weather is very cold today.,1,1,3,201,154,54,1,415
blood runs cold,o sangue corre frio,the blood runs cold,9,50,137,320,212,335,192,1255
don't cry over spilled milk,Não chore pelo leite derramado,Don't cry over spilled milk,1,17,4,32,327,233,1,615
back to basics,back to basics,back to basics,1,50,2,334,14,612,23,1036
go the extra mile,dar o seu melhor,do your best,45,50,356,558,640,523,195,2367
carved in stone,esculpida na pedra,carved in stone,1,50,4,180,62,373,1,671
She brushed her teeth before bed.,Ela escoou os dentes antes de dormir.,She brushed her teeth before going to bed.,9,34,188,390,377,235,1,1234
chip off the old block,chip off the old block,chip off the old block,1,1,3,293,48,631,144,1121
cat nap,cat nap,cat nap,1,50,5,429,40,595,1,1121
chip on your shoulder,chip no ombro,chip in the shoulder,30,50,265,521,554,561,167,2148
as gentle as a lamb,manso como um cordeiro,meek as a lamb,22,50,273,622,586,518,218,2289
They went to a theme park for the day.,Eles foram para um parque temático durante o dia.,They went to a theme park during the day.,7,19,50,461,378,179,1,1095
burn the midnight oil,queimar a meia-noite,burning the midnight oil,17,50,59,458,535,625,208,1952
blind leading the blind,Cego guiando o cego,Blind leading the blind,1,50,1,119,392,381,152,1096
blue in the face,azul no rosto,blue in the face,1,1,4,277,85,618,79,1065
She is taking a picture of the flowers in the garden.,Ela está tirando uma foto das flores no jardim.,She is taking a photo of the flowers in the garden.,5,11,6,385,307,107,1,822
They are having a barbecue in the garden.,Eles estão fazendo um churrasco no jardim.,They're having a barbecue in the garden.,8,10,75,279,291,73,1,737
jump the gun,jump the gun,jump the gun,1,50,3,275,110,634,62,1135
They are walking through the city streets.,Estão a caminhar pelas ruas da cidade.,They are walking through the streets of the city.,17,39,34,395,398,328,1,1212
She reads a book every night.,Ela lê um livro todas as noites.,She reads a book every night.,1,1,2,142,81,12,1,240
chained to the desk,acorrentado à secretária,Chained to the desk,1,50,3,75,509,440,222,1300
He did some gardening in the afternoon.,Ele fez um pouco de jardinagem à tarde.,He did some gardening in the afternoon.,1,1,3,148,228,296,1,678
They enjoyed a picnic in the park.,Eles desfrutaram de um piquenique no parque.,They enjoyed a picnic in the park.,1,1,3,217,156,239,1,618
dive in headfirst,mergulhe de cabeça,dive in head first,27,50,266,366,497,600,217,2023
have the upper hand,ter a vantagem,have the advantage,27,50,289,528,555,442,1,1892
She is ironing her clothes.,Ela está passando a ferro as roupas.,She's ironing clothes.,22,50,186,464,496,558,133,1909
He plays soccer every weekend.,Ele joga futebol todo final de semana.,He plays soccer every weekend.,1,1,3,97,46,191,1,340
at the drop of a hat,at the drop of a hat,at the drop of a hat,1,1,3,12,141,638,232,1028
have a heart of stone,ter um coração de pedra,to have a heart of stone,5,8,135,498,447,142,69,1304
He worked on his computer for hours.,Ele trabalhou no computador por horas.,He worked on the computer for hours.,9,36,47,393,350,269,1,1105
airing dirty laundry,lavagem de roupa suja,washing dirty clothes,38,50,264,524,619,163,135,1793
dead in the water,morto na água,killed in the water,17,50,121,224,318,265,1,996
another string to your bow,mais uma string para o seu arco,one more string for your bow,29,50,187,507,522,530,177,2002
"easy come, easy go","Vem fácil, vai fácil","It comes easy, it goes easy",36,50,296,572,550,539,233,2276
bend over backwards,fazer o impossível,do the impossible,45,50,343,633,668,393,230,2362
bolt from the blue,um raio do nada,a ray of nothing,45,50,344,647,661,509,300,2556
dropping the ball,perder a bola,losing the ball,21,50,182,479,566,447,178,1923
born with a silver spoon,nascido com uma colher de prata,born with a silver spoon,1,1,3,172,221,421,21,840
as plain as day,claro como o dia,clear as day,27,50,258,503,455,416,53,1762
like a fish to water,como um peixe à água,like a fish to water,1,1,2,34,255,517,145,955
change your tune,mude sua melodia,change your tune,1,50,3,43,25,388,1,511
adding fuel to the fire,Acrescentando combustível ao fogo,Adding fuel to the fire,1,17,4,159,388,238,1,808
They are playing board games in the living room.,Estão a jogar jogos de tabuleiro na sala de estar.,They're playing board games in the living room.,7,7,41,272,328,110,1,766
dying to know,morrendo de vontade de saber,dying to know,1,50,4,1,82,460,41,639
She is making a smoothie for breakfast.,Ela está fazendo um smoothie para o café da manhã.,She's making a smoothie for breakfast.,9,14,24,331,341,60,1,780
in the same boat,no mesmo barco,in the same boat,1,1,3,261,61,323,1,651
better late than never,melhor tarde do que nunca,better late than never,1,1,3,14,21,271,1,312
frog in your throat,sapo na sua garganta,frog in your throat,1,1,5,259,302,406,114,1088
down in the dumps,down in the dumps,down in the dumps,1,1,3,40,44,637,288,1014
blood is thicker than water,O sangue é mais espesso do que a água,Blood is thicker than water,1,17,2,21,70,140,1,252
as high as a kite,tão alto quanto uma pipa,as high as a kite,1,1,3,35,123,485,48,696
foot in the door,pé na porta,foot in the door,1,1,3,28,136,554,183,906
crying over spilled milk,Chorando por causa do leite derramado,Crying over spilled milk,1,50,5,41,324,298,26,745
He is studying for his exams.,Ele está estudando para os exames.,He's studying for exams.,18,50,207,460,464,251,1,1451
darkest before dawn,mais escuro antes do amanhecer,darker before the dawn,27,50,218,523,520,441,1,1780
They are taking a family vacation.,Eles estão tirando férias em família.,They're on a family vacation.,21,42,151,387,443,99,53,1196
cat got your tongue,O gato comeu-lhe a língua,The cat ate his tongue,32,50,306,642,558,374,130,2092
barking up the wrong tree,barking up the wrong tree,barking up the wrong tree,1,1,3,37,83,640,191,956
bird's eye view,visão panorâmica,panoramic view,38,50,331,554,608,156,91,1828
by a long shot,por uma grande margem,by a large margin,30,50,298,501,588,497,47,2011
add insult to injury,Acrescentar insulto à injúria,Adding insult to injury,17,50,17,232,527,419,53,1315
